{
  "duration_seconds": 607.5628683567047,
  "total_requests": 1878254,
  "successful": 1831185,
  "failed": 47069,
  "success_rate": 97.49400240861992,
  "tps_actual": 3091.4562061374413,
  "latency_mean_ms": 326.8229619026532,
  "latency_median_ms": 253.66640090942383,
  "latency_p95_ms": 461.6267681121826,
  "latency_p99_ms": 2660.137414932251,
  "latency_min_ms": 15.618324279785156,
  "latency_max_ms": 3391.9830322265625,
  "latency_buckets": {
    "0-10ms": 0,
    "10-25ms": 35,
    "25-50ms": 31,
    "50-100ms": 49,
    "100-250ms": 917019,
    "250-500ms": 895283,
    "500ms-1s": 14769,
    ">1s": 51068
  },
  "bank_metrics": {
    "BANK006": {
      "count": 150469,
      "success": 146656,
      "failed": 3813,
      "volume": 213903583898.50134
    },
    "BANK002": {
      "count": 376212,
      "success": 366781,
      "failed": 9431,
      "volume": 535693829947.92725
    },
    "BANK003": {
      "count": 281268,
      "success": 274138,
      "failed": 7130,
      "volume": 399694049029.4739
    },
    "BANK004": {
      "count": 225541,
      "success": 219977,
      "failed": 5564,
      "volume": 323330548810.1603
    },
    "BANK001": {
      "count": 469089,
      "success": 457394,
      "failed": 11695,
      "volume": 664337851747.5641
    },
    "BANK005": {
      "count": 187460,
      "success": 182707,
      "failed": 4753,
      "volume": 267443548801.34836
    },
    "BANK009": {
      "count": 37581,
      "success": 36649,
      "failed": 932,
      "volume": 53459907759.19973
    },
    "BANK007": {
      "count": 94065,
      "success": 91771,
      "failed": 2294,
      "volume": 134005247562.29971
    },
    "BANK008": {
      "count": 56569,
      "success": 55112,
      "failed": 1457,
      "volume": 79329823802.45839
    }
  },
  "scenario_metrics": {
    "micro": {
      "count": 470520,
      "success": 458662
    },
    "cross_border": {
      "count": 468724,
      "success": 457074
    },
    "high_value": {
      "count": 469559,
      "success": 457754
    },
    "standard": {
      "count": 469451,
      "success": 457695
    }
  },
  "errors": {
    "ClientConnectorError": 47069
  }
}